Page,Line,Phrase,Keyword,"Keyword Translation","Target Text","Target Modern","Target English","Target Comments","Gloss Text","Gloss English","Gloss Comments","Modern Speech","Modern Speech Comments","Audio Clip Name","Audio Start Time","Audio End Time","Video Clip Name","Video Start Time","Video End Time","Image Name",Speakers,Dialects,Semantics,Syntaxes,Stems,"Cognate Comments","Cognate Form","Cognate Translations","Cognate Sources","Cognate Languages"
1,1,1,,,,,,,"Vocabulary of the Shawanese language",,,,,.mp3,,,.mp4,,,heckewelder_1.jpg,,,,,,,,,,
1,3,1,,,,,,,"Shawano Words",,,,,.mp3,,,.mp4,,,heckewelder_1.jpg,,,,,,,,,,
1,4,1,,,,,,,"taken down by means of a White Woman who had been 20 Years a Prisoner with that Nation.",,,,,.mp3,,,.mp4,,,heckewelder_1.jpg,,,,,,,,,,
1,8,1,,,,,,,J.H.,,,,,.mp3,,,.mp4,,,heckewelder_1.jpg,,,,,,,,,,
1,9,1,,,,,,,"By the Rev. John Heckewelder",,,,,.mp3,,,.mp4,,,heckewelder_1.jpg,,,,,,,,,,
2,1,1,,,knepiquo,kineepikwa,snake,,"a snake",,,kineepikwa,,.mp3,,,.mp4,,,heckewelder_2.jpg,,,animals,,,,keneepikwa;ginebig,eel;snake,"Voorhis 1988;Nichols & Nyholm (1995)",Kickapoo;Ojibwe
2,2,1,,,kikunechsa,kiihkoneehsa,fish,,"a fish",,,kiihkoneehsa,,.mp3,,,.mp4,,,heckewelder_2.jpg,,,animals,,"kiihkoneehs- | Fish | n.an | ",,,,,
2,3,1,,,kichtschigámi,kihcikami,"great lake, ocean, sea",,"a lake",,,kihcikami,,.mp3,,,.mp4,,,heckewelder_2.jpg,,,,,"kihcikam- | Big Lake, Ocean | n.inan | 
-ikam | lake, body of water | n.final
kihc- | big | initial",,,,,
2,4,1,,,wikiami,wiikiaami,"house, lodge, wickiup",,"a house",,,wiikiaami,,.mp3,,,.mp4,,,heckewelder_2.jpg,,,housing,,"wiikiaam- | Dwelling, House, Lodge, Wigwam | n.inan | ",,,,,
2,5,1,,,alinta,aalinta,"some, part of",,some,,,aalinta,,.mp3,,,.mp4,,,heckewelder_2.jpg,,,,quantifier,,,a·neta;aanind,"some, part of;some, part of","Goddard & Thomason (2014);Nichols & Nyholm (1995)",Meskwaki;Ojibwe
2,6,1,,,gutewi,koteewi,fire,,fire,,,koteewi,,.mp3,,,.mp4,,,heckewelder_2.jpg,,,,,"koteew- | Fire | n.inan | ",,,,,
2,7,1,,,mannetwa,manetwa,snow,,snow,,,manetwa,,.mp3,,,.mp4,,,heckewelder_2.jpg,,,weather,,"manetw- | Snow | n.an | ",,,,,
2,8,1,,,pitelanwe,piitilaanwi,"it rains",,rain,,,peetilaanki,,.mp3,,,.mp4,,,heckewelder_2.jpg,,,weather,,"piitilaan- | It rains, it is raining | v.inan.intran | 
piit- | in this direction, coming | initial
-elaan | rain | inan.intran.final",,,,,
2,9,1,,,tschingwe,ciinkwia,thunder,,thunder,,,ciinkwia,,.mp3,,,.mp4,,,heckewelder_2.jpg,,,weather,,"ciinkwi- | Thunder being | n.an | ",,,,,
2,10,1,,,allamsanwi,alaamihsenwi,"it is windy, there is wind",,wind,,,eelaamihsenki,,.mp3,,,.mp4,,,heckewelder_2.jpg,,,weather,,"alaamhsen- | It is windy | v.inan.intran | ",,,,,
2,11,1,,,gutschichsa,kociihsa,bean,,"a bean",,,kociihsa,,.mp3,,,.mp4,,,heckewelder_2.jpg,,,food,,"kociihs- | Bean | n.an | ",,,,,
2,12,1,,,gutschichsagi,kociihsaki,beans,,beans,,,kociihsaki,,.mp3,,,.mp4,,,heckewelder_2.jpg,,,food,,"kociihs- | Bean | n.an | ",,,,,
2,13,1,,,mĩntschipi,miincipi,corn,,"Indn. corn",,,miincipi,,.mp3,,,.mp4,,,heckewelder_2.jpg,,,corn;food,,"miincip- | Corn | n.inan | ",,,,,
2,14,1,,,ẽmquanni,eemihkwaani,"squash, pumpkin",,"a pumkin",,,eemihkwaani,,.mp3,,,.mp4,,,heckewelder_2.jpg,,,,,"eemihkwaan- | Squash, pumpkin | n.inan | ",,,,,
2,15,1,,,emquannigi,,,,pumkins,,,,,.mp3,,,.mp4,,,heckewelder_2.jpg,,,,,,,,,,
2,16,1,,,mĕschewa,mihšiiwia,elk,,elk,,,mihšiiwia,,.mp3,,,.mp4,,,heckewelder_2.jpg,,,animals,,"mihšiiwi- | Elk (Cervus canadensis) | n.an | ",,,,,
3,1,1,,,nila,niila,"I, me",,"I, ego",,,niila,,.mp3,,,.mp4,,,heckewelder_3.jpg,,,,,"niila | I, me | pro | ",,,,,
3,2,1,,,kila,kiila,"you (singular)",,you,,,kiila,,.mp3,,,.mp4,,,heckewelder_3.jpg,,,,,"kiila | You (singular) | pro | ",,,,,
3,3,1,,,auwila,awiila,"he, she, him, her","commonly pronounced wiila",he,,,awiila,,.mp3,,,.mp4,,,heckewelder_3.jpg,,,,,"awiila | Him, her, he, she | pro | ",,,,,
3,4,1,,,kiluna,kiiloona,"we, us (inclusive)",,we,,,kiiloona,,.mp3,,,.mp4,,,heckewelder_3.jpg,,,,,"kiiloona | We, us (inclusive) | pro | ",,,,,
3,5,1,,,kĩlwa,kiilwa,"you (plural)",,yea,,,kiilwa,,.mp3,,,.mp4,,,heckewelder_3.jpg,,,,,"kiilwa | You (plural) | pro | ",,,,,
3,6,1,,,auwiluwa,awiiloowa,"they, them",,they,,,awiilwa,,.mp3,,,.mp4,,,heckewelder_3.jpg,,,,,"awiilwa | They, them | pro | ",,,,,
3,7,1,,,niwichsini,"niwiihsini ","I eat",,"I eat",,,weehsiniaani,,.mp3,,,.mp4,,,heckewelder_3.jpg,,,,,"wiihsini- | Eat | v.an.intran | ",,,,,
3,8,1,,,"kila kiwichsini",,,,"you eat",,,,,.mp3,,,.mp4,,,heckewelder_3.jpg,,,,,,,,,,
3,9,1,,,"kiluhna kiwichsinimina",,,,"we eat",,,,,.mp3,,,.mp4,,,heckewelder_3.jpg,,,,,,,,,,
3,10,1,,,,,,,,,,,,.mp3,,,.mp4,,,heckewelder_3.jpg,,,,,,,,,,
3,11,1,,,"auwĩlwa wichsiniwaya",,,,"they eat",,,,,.mp3,,,.mp4,,,heckewelder_3.jpg,,,,,,,,,,
3,12,1,,,"scheye niwichsini",,,,"I have already eaten",,,,,.mp3,,,.mp4,,,heckewelder_3.jpg,,,,,,,,,,
3,13,1,,,"echqua nĭwichsini gati",,,,"I shall eat",,,,,.mp3,,,.mp4,,,heckewelder_3.jpg,,,,,,,,,,
3,14,1,,,"n’pemitschime gati",,"I will swim",,"I will swim",,,,,.mp3,,,.mp4,,,heckewelder_3.jpg,,,,,,,,,,
3,15,1,,,"scheye pemitschmijan",,,,"I have swam",,,,,.mp3,,,.mp4,,,heckewelder_3.jpg,,,,,,,,,,
3,16,1,,,"nenepe gati",,,,"I will sleep",,,,,.mp3,,,.mp4,,,heckewelder_3.jpg,,,,,,,,,,
3,17,1,,,"scheye nepan",,,,"I have slept",,,,,.mp3,,,.mp4,,,heckewelder_3.jpg,,,,,,,,,,
3,18,1,,,scheyetsch[e]gi,,,,already,,,,,.mp3,,,.mp4,,,heckewelder_3.jpg,,,,,,,,,,
3,19,1,,,gachgichque,,,,day,,,,,.mp3,,,.mp4,,,heckewelder_3.jpg,,,,,,,,,,
3,19,2,,,wapãnwi,,,,morning,,,,,.mp3,,,.mp4,,,heckewelder_3.jpg,,,,,,,,,,
3,20,1,,,pechguntegi,,,,night,,,,,.mp3,,,.mp4,,,heckewelder_3.jpg,,,,,,,,,,
4,1,1,,,gĩlswa,,,,sun,,,,,.mp3,,,.mp4,,,heckewelder_4.jpg,,,,,,,,,,
4,2,1,,,"pichgunti gilswa",,,,moon,,,,,.mp3,,,.mp4,,,heckewelder_4.jpg,,,,,,,,,,
4,3,1,,,"nungi gichgochque",,,,today,,,,,.mp3,,,.mp4,,,heckewelder_4.jpg,,,,,,,,,,
4,4,1,,,allakewulaquike,,,,"yesterday evening",,,,,.mp3,,,.mp4,,,heckewelder_4.jpg,,,,,,,,,,
4,5,1,,,neepĩk,,,,dead,,,,,.mp3,,,.mp4,,,heckewelder_4.jpg,,,,,,,,,,
4,6,1,,,kikik,,,,alive,,,,,.mp3,,,.mp4,,,heckewelder_4.jpg,,,,,,,,,,
4,7,1,,,mpelagi,,,,well,,,,,.mp3,,,.mp4,,,heckewelder_4.jpg,,,,,,,,,,
4,8,1,,,nemẽnta,,,,sick,,,,,.mp3,,,.mp4,,,heckewelder_4.jpg,,,,,,,,,,
4,9,1,,,auwechsensa,aweehseensa,bird,,"a bird",bird,,aweehseensa,,.mp3,,,.mp4,,,heckewelder_4.jpg,,,birds,diminutive,"aweehseens- | Bird (larger than sparrow size) | n.an | ",,,,,
4,10,1,,,tobachsja,,,,"a goose",,,,,.mp3,,,.mp4,,,heckewelder_4.jpg,,,,,,,,,,
4,11,1,,,pillewa,,,,"a turkey",,,,,.mp3,,,.mp4,,,heckewelder_4.jpg,,,,,,,,,,
4,12,1,,,shabunakani,,,,"a needle",,,,,.mp3,,,.mp4,,,heckewelder_4.jpg,,,,,,,,,,
4,13,1,,,shabunakanna,,,,needles,,,,,.mp3,,,.mp4,,,heckewelder_4.jpg,,,,,,,,,,
4,14,1,,,mansana,masaana,thread,,thread,,,masaana,,.mp3,,,.mp4,,,heckewelder_4.jpg,,,,,,,,,,
4,15,1,,,wapimotey,,,,"a blanket",,,,,.mp3,,,.mp4,,,heckewelder_4.jpg,,,,,,,,,,
4,16,1,,,napinakani,,,,"a shirt",,,,,.mp3,,,.mp4,,,heckewelder_4.jpg,,,,,,,,,,
4,17,1,,,achtas[i]ema,ataahsema,"one's leggings",,leggins,,,ataahsema,,.mp3,,,.mp4,,,heckewelder_4.jpg,,,,,,,,,,
4,18,1,,,machteekŭgisinagani,,,,shoes,,,,,.mp3,,,.mp4,,,heckewelder_4.jpg,,,,,,,,,,
4,19,1,,,mechtichgochschichgigoni,,,,"a hat",,,,,.mp3,,,.mp4,,,heckewelder_4.jpg,,,,,,,,,,
5,1,1,,,n’depikanni,,,,head,,,,,.mp3,,,.mp4,,,heckewelder_5.jpg,,,,,,,,,,
5,2,1,,,"nila n’depikanni",,,,"my head",,,,,.mp3,,,.mp4,,,heckewelder_5.jpg,,,,,,,,,,
5,3,1,,,n’gischiqui,,,,eye,,,,,.mp3,,,.mp4,,,heckewelder_5.jpg,,,,,,,,,,
5,3,2,,,ningischiqui,,,,"pl. (eyes)",,,,,.mp3,,,.mp4,,,heckewelder_5.jpg,,,,,,,,,,
5,4,1,,,kiwani,,,,nose,,,,,.mp3,,,.mp4,,,heckewelder_5.jpg,,,,,,,,,,
5,5,1,,,nechgi,,,,hand,,,,,.mp3,,,.mp4,,,heckewelder_5.jpg,,,,,,,,,,
5,5,2,,,nechga,,,,"pl. (hands)",,,,,.mp3,,,.mp4,,,heckewelder_5.jpg,,,,,,,,,,
5,6,1,,,nichgati,,,,foot,,,,,.mp3,,,.mp4,,,heckewelder_5.jpg,,,,,,,,,,
5,6,2,,,nichgata,,,,(feet),,,,,.mp3,,,.mp4,,,heckewelder_5.jpg,,,,,,,,,,
5,7,1,,,tschiwa,,,,arms,,,,,.mp3,,,.mp4,,,heckewelder_5.jpg,,,,,,,,,,
5,8,1,,,witemili,,,,"Come with me!",,,,,.mp3,,,.mp4,,,heckewelder_5.jpg,,,,,,,,,,
5,9,1,,,nochsa,,,,"(my) father",,,,,.mp3,,,.mp4,,,heckewelder_5.jpg,,,,,,,,,,
5,10,1,,,nĩnge,,,,mother,,,,,.mp3,,,.mp4,,,heckewelder_5.jpg,,,,,,,,,,
5,11,1,,,wetsemage,,,,brother,,,,,.mp3,,,.mp4,,,heckewelder_5.jpg,,,,,,,,,,
5,12,1,,,ningochschima,,,,sister,,,,,.mp3,,,.mp4,,,heckewelder_5.jpg,,,,,,,,,,
5,13,1,,,"nĕ Wiwah",,,," (my) wife",,,,,.mp3,,,.mp4,,,heckewelder_5.jpg,,,,,,,,,,
5,14,1,,,pilochsa,,,,child,,,,,.mp3,,,.mp4,,,heckewelder_5.jpg,,,,,,,,,,
5,15,1,,,nindaja,,,,"my horse",,,,,.mp3,,,.mp4,,,heckewelder_5.jpg,,,,,,,,,,
5,16,1,,,kichkiwe,,,,land,,,,,.mp3,,,.mp4,,,heckewelder_5.jpg,,,,,,,,,,
5,17,1,,,kuteapowe,,,,rum,,,,,.mp3,,,.mp4,,,heckewelder_5.jpg,,,,,,,,,,
5,18,1,,,tahuanni,,,,"a tree",,,,,.mp3,,,.mp4,,,heckewelder_5.jpg,,,trees,,,,,,,
5,19,1,,,atschiwo,,,,"a mountain",,,,,.mp3,,,.mp4,,,heckewelder_5.jpg,,,,,,,,,,
6,1,1,,,walechkigi,,,,"a valley",,,,,.mp3,,,.mp4,,,heckewelder_6.jpg,,,,,,,,,,
6,2,1,,,okowia,,,,"the wipperwill",,,,,.mp3,,,.mp4,,,heckewelder_6.jpg,,,,,,,,,,
6,3,1,,,schichschipa,,,,"a duck",,,,,.mp3,,,.mp4,,,heckewelder_6.jpg,,,,,,,,,,
6,4,1,,,schichschipagi,,,,ducks,,,,,.mp3,,,.mp4,,,heckewelder_6.jpg,,,,,,,,,,
6,5,1,,,sole,,,,"a canoe",,,,,.mp3,,,.mp4,,,heckewelder_6.jpg,,,,,,,,,,
6,6,1,,,mãlsi,,,,"a knife",,,,,.mp3,,,.mp4,,,heckewelder_6.jpg,,,,,,,,,,
6,7,1,,,moschwakanti,,,,"a pr. scissors",,,,,.mp3,,,.mp4,,,heckewelder_6.jpg,,,,,,,,,,
6,8,1,,,wiwaschi,,saddle,,"a saddle",,,,,.mp3,,,.mp4,,,heckewelder_6.jpg,,,,,,,,,,
6,9,1,,,nachkipioni,,,,"a bench",,,,,.mp3,,,.mp4,,,heckewelder_6.jpg,,,,,,,,,,
6,10,1,,,sekindewi,,,,"a bottle",,,,,.mp3,,,.mp4,,,heckewelder_6.jpg,,,,,,,,,,
6,11,1,,,napinnikanni,,,,"a coat",,,,,.mp3,,,.mp4,,,heckewelder_6.jpg,,,,,,,,,,
6,12,1,,,allunsi,,,,"a bullet",,,,,.mp3,,,.mp4,,,heckewelder_6.jpg,,,,,,,,,,
6,13,1,,,wawiechpeniegi,,,,turnips,,,,,.mp3,,,.mp4,,,heckewelder_6.jpg,,,,,,,,,,
6,14,1,,,pennigi,,,,potatoes,,,,,.mp3,,,.mp4,,,heckewelder_6.jpg,,,,,,,,,,
6,15,1,,,anunaganapoe,,,,milk,,,,,.mp3,,,.mp4,,,heckewelder_6.jpg,,,,,,,,,,
6,16,1,,,tipewa,,,,good,,,,,.mp3,,,.mp4,,,heckewelder_6.jpg,,,,,,,,,,
6,17,1,,,"pechgi tepewa",,,,"very good",,,,,.mp3,,,.mp4,,,heckewelder_6.jpg,,,,,,,,,,
6,18,1,,,mettawati,,,,bad,,,,,.mp3,,,.mp4,,,heckewelder_6.jpg,,,,,,,,,,
6,19,1,,,wapigi,,,,white,,,,,.mp3,,,.mp4,,,heckewelder_6.jpg,,,,,,,,,,
7,1,1,,,mechgatewigi,,,,black,,,,,.mp3,,,.mp4,,,heckewelder_7.jpg,,,colors,,,,,,,
7,2,1,,,nechpikangi,,,,red,,,,,.mp3,,,.mp4,,,heckewelder_7.jpg,,,,,,,,,,
7,3,1,,,popiquani,papikwani,gun,,"a gun",,,papikwani,,.mp3,,,.mp4,,,heckewelder_7.jpg,,,,,"papikwan- | Gun | n.inan | ",,,,,
7,4,1,,,mãlsi,,,,"a knife",,,,,.mp3,,,.mp4,,,heckewelder_7.jpg,,,,,,,,,,
7,5,1,,,kagani,kookani,spoon,,"a spoon",,,,,.mp3,,,.mp4,,,heckewelder_7.jpg,,,,,,,,,,
7,6,1,,,lakani,,,,"a dish",,,,,.mp3,,,.mp4,,,heckewelder_7.jpg,,,,,,,,,,
7,7,1,,,kichqui,,,,"a kettle",,,,,.mp3,,,.mp4,,,heckewelder_7.jpg,,,,,,,,,,
7,8,1,,,wapamoni,,,,"a looking glass",,,,,.mp3,,,.mp4,,,heckewelder_7.jpg,,,,,,,,,,
7,9,1,,,takaganni,,,,"an ax",,,,,.mp3,,,.mp4,,,heckewelder_7.jpg,,,,,,,,,,
7,10,1,,,tschingwakanni,,,,"a drum",,,,,.mp3,,,.mp4,,,heckewelder_7.jpg,,,,,,,,,,
7,11,1,,,seni,,,,"a stone",,,,,.mp3,,,.mp4,,,heckewelder_7.jpg,,,,,,,,,,
7,12,1,,,sena,,,,stones,,,,,.mp3,,,.mp4,,,heckewelder_7.jpg,,,,,,,,,,
7,13,1,,,"nilani mẽnta",,,,"I am sick",,,,,.mp3,,,.mp4,,,heckewelder_7.jpg,,,,,,,,,,
7,14,1,,,"nilani m’pelagi",,,,"I am well",,,,,.mp3,,,.mp4,,,heckewelder_7.jpg,,,,,,,,,,
7,15,1,,,n’dajiechqui,,,,"I am hungry",,,,,.mp3,,,.mp4,,,heckewelder_7.jpg,,,,,,,,,,
7,16,1,,,n’gatopi?,,,,"I am thirsty",,,,,.mp3,,,.mp4,,,heckewelder_7.jpg,,,,,,,,,,
7,17,1,,,wechsinink,,,,"to eat",,,,,.mp3,,,.mp4,,,heckewelder_7.jpg,,,,,,,,,,
7,17,2,,,n’wechsĩn,,,,"I eat",,,,,.mp3,,,.mp4,,,heckewelder_7.jpg,,,,,,,,,,
7,18,1,,,mẽẽnink,,,,"to drink",,,,,.mp3,,,.mp4,,,heckewelder_7.jpg,,,,,,,,,,
8,1,1,,,neepank,,,,"to sleep",,,,,.mp3,,,.mp4,,,heckewelder_8.jpg,,,,,,,,,,
8,2,1,,,amomwink,,,,"to wake",,,,,.mp3,,,.mp4,,,heckewelder_8.jpg,,,,,,,,,,
8,3,1,,,elelink,,,,"to swim",,,,,.mp3,,,.mp4,,,heckewelder_8.jpg,,,,,,,,,,
8,4,1,,,ẽmpallink,,,,"to walk",,,,,.mp3,,,.mp4,,,heckewelder_8.jpg,,,,,,,,,,
8,5,1,,,memiquink,,,,"to run",,,,,.mp3,,,.mp4,,,heckewelder_8.jpg,,,,,,,,,,
8,6,1,,,neijiwet,,,,"to ride",,,,,.mp3,,,.mp4,,,heckewelder_8.jpg,,,,,,,,,,
8,7,1,,,melandamink,,,,"to vomit",,,,,.mp3,,,.mp4,,,heckewelder_8.jpg,,,,,,,,,,
8,8,1,,,n’melanda,,,,"I vomit",,,,,.mp3,,,.mp4,,,heckewelder_8.jpg,,,,,,,,,,
8,9,1,,,auwẽnsapitschi,,,,sunrise,,,,,.mp3,,,.mp4,,,heckewelder_8.jpg,,,,,,,,,,
8,10,1,,,pangichschingishi,,,,sunset,,,,,.mp3,,,.mp4,,,heckewelder_8.jpg,,,,,,,,,,
8,11,1,,,melochkamegi,,,,spring,,,,,.mp3,,,.mp4,,,heckewelder_8.jpg,,,,,,,,,,
8,12,1,,,nipĩnwi,,,,sommer,,,,,.mp3,,,.mp4,,,heckewelder_8.jpg,,,,,,,,,,
8,13,1,,,taquagiwi,,,,"fall, autumn",,,,,.mp3,,,.mp4,,,heckewelder_8.jpg,,,,,,,,,,
8,14,1,,,pipõnwi,,,,winter,,,,,.mp3,,,.mp4,,,heckewelder_8.jpg,,,,,,,,,,
8,15,1,,,netonomachwink,,,,"to hunt",,,,,.mp3,,,.mp4,,,heckewelder_8.jpg,,,,,,,,,,
8,16,1,,,melochkamigosingi,,,,"spring hunt",,,,,.mp3,,,.mp4,,,heckewelder_8.jpg,,,,,,,,,,
8,17,1,,,nepĩnwigosingi,,,,"summer hunt",,,,,.mp3,,,.mp4,,,heckewelder_8.jpg,,,,,,,,,,
8,18,1,,,tequogigosingi,,,,"fall hunt",,,,,.mp3,,,.mp4,,,heckewelder_8.jpg,,,,,,,,,,
8,19,1,,,mekalitinge,,,,war,,,,,.mp3,,,.mp4,,,heckewelder_8.jpg,,,,,,,,,,
8,20,1,,,pimi,,,,"fat, oil",,,,,.mp3,,,.mp4,,,heckewelder_8.jpg,,,,,,,,,,
9,1,1,,,schepa,šeepa,tomorrow,,tomorrow,,,šeepa,,.mp3,,,.mp4,,,heckewelder_9.jpg,,,,,,,,,,
9,2,1,,,gachkichque,,,,today,,,,,.mp3,,,.mp4,,,heckewelder_9.jpg,,,,,,,,,,
9,3,1,,,lage,,,,yesterday,,,,,.mp3,,,.mp4,,,heckewelder_9.jpg,,,,,,,,,,
9,3,2,,,lake,,,,yesterday,,,,,.mp3,,,.mp4,,,heckewelder_9.jpg,,,,,,,,,,
9,4,1,,,n’delliniwi,,,,"I am a man",,,,,.mp3,,,.mp4,,,heckewelder_9.jpg,,,,,,,,,,
9,5,1,,,nĕmetimochsi,,,,"I am a woman",,,,,.mp3,,,.mp4,,,heckewelder_9.jpg,,,,,,,,,,
9,6,1,,,apilochsa,,,,"a child",,,,,.mp3,,,.mp4,,,heckewelder_9.jpg,,,,,,,,,,
9,7,1,,,quiwichsa,,,,"a boy",,,,,.mp3,,,.mp4,,,heckewelder_9.jpg,,,,,,,,,,
9,8,1,,,quaniswa,,,,"a girl",,,,,.mp3,,,.mp4,,,heckewelder_9.jpg,,,,,,,,,,
9,9,1,,,quiwa,,,,"a young man",,,,,.mp3,,,.mp4,,,heckewelder_9.jpg,,,,,,,,,,
9,10,1,,,quechsa,,,,"a young woman",,,,,.mp3,,,.mp4,,,heckewelder_9.jpg,,,,,,,,,,
9,11,1,,,kiiochscha,,,,"an old man",,,,,.mp3,,,.mp4,,,heckewelder_9.jpg,,,,,,,,,,
9,12,1,,,migichga,,,,"an old woman",,,,,.mp3,,,.mp4,,,heckewelder_9.jpg,,,,,,,,,,
9,13,1,,,alangwa,,,,"a star",,,,,.mp3,,,.mp4,,,heckewelder_9.jpg,,,,,"alaankw- | Star | n.an | ",,,,,
9,14,1,,,alangwagi,,,,stars,,,,,.mp3,,,.mp4,,,heckewelder_9.jpg,,,,,,,,,,
9,15,1,,,alenja,,,,"a man",,,,,.mp3,,,.mp4,,,heckewelder_9.jpg,,,,,,,,,,
9,16,1,,,lenjagi,,,,men,,,,,.mp3,,,.mp4,,,heckewelder_9.jpg,,,,,,,,,,
9,17,1,,,mettemsa,,,,"a woman",,,,,.mp3,,,.mp4,,,heckewelder_9.jpg,,,,,,,,,,
9,18,1,,,mettẽmsagi,,,,woemen,women,,,,.mp3,,,.mp4,,,heckewelder_9.jpg,,,,,,,,,,
9,19,1,,,negattikaschagi,,,,horses,,,,,.mp3,,,.mp4,,,heckewelder_9.jpg,,,,,,,,,,
9,20,1,,,negattigasha,,,,"a horse",,,,,.mp3,,,.mp4,,,heckewelder_9.jpg,,,,,,,,,,
10,1,1,,,lenãnswa,,,,cow,,,,,.mp3,,,.mp4,,,heckewelder_10.jpg,,,,,,,,,,
10,1,2,,,attaima,,,,(tame),,,,,.mp3,,,.mp4,,,heckewelder_10.jpg,,,,,,,,,,
10,2,1,,,mochswa,,,,"a deer",,,,,.mp3,,,.mp4,,,heckewelder_10.jpg,,,,,,,,,,
10,3,1,,,machqua,,,,bear,,,,,.mp3,,,.mp4,,,heckewelder_10.jpg,,,,,,,,,,
10,4,1,,,amechqua,,,,beaver,,,,,.mp3,,,.mp4,,,heckewelder_10.jpg,,,,,,,,,,
10,5,1,,,ginochschamia,,,,otter,,,,,.mp3,,,.mp4,,,heckewelder_10.jpg,,,,,,,,,,
10,6,1,,,sachqua,,,,muskrat,,,,,.mp3,,,.mp4,,,heckewelder_10.jpg,,,,,,,,,,
10,7,1,,,papangamu,,,,"a fox",,,,,.mp3,,,.mp4,,,heckewelder_10.jpg,,,,,,,,,,
10,8,1,,,echsipanne,,,,racoon,,,,,.mp3,,,.mp4,,,heckewelder_10.jpg,,,,,,,,,,
10,9,1,,,pischiwa,,,,"a cat",,,,,.mp3,,,.mp4,,,heckewelder_10.jpg,,,,,,,,,,
10,10,1,,,koga,,,,"a frog",,,,,.mp3,,,.mp4,,,heckewelder_10.jpg,,,,,,,,,,
10,11,1,,,gekipingwẽt,,,,blind,,,,,.mp3,,,.mp4,,,heckewelder_10.jpg,,,,,,,,,,
10,12,1,,,gekipshit,,,,deaf,,,,,.mp3,,,.mp4,,,heckewelder_10.jpg,,,,,,,,,,
10,13,1,,,ãlwellit,,,,lame,,,,,.mp3,,,.mp4,,,heckewelder_10.jpg,,,,,,,,,,
10,14,1,,,pochquinquet,,,,"one eyed",,,,,.mp3,,,.mp4,,,heckewelder_10.jpg,,,,,,,,,,
10,15,1,,,ichpisitah,,,,tall,,,,,.mp3,,,.mp4,,,heckewelder_10.jpg,,,,,,,,,,
10,16,1,,,ichquachkositah,,,,short,,,,,.mp3,,,.mp4,,,heckewelder_10.jpg,,,,,,,,,,
10,17,1,,,wăpichquat,,,,"grey headed",,,,,.mp3,,,.mp4,,,heckewelder_10.jpg,,,,,,,,,,
10,18,1,,,apaquichkishónta,,,,scalped,,,,,.mp3,,,.mp4,,,heckewelder_10.jpg,,,,,,,,,,
11,1,1,,,inguti,,,,1,,,,,.mp3,,,.mp4,,,heckewelder_11.jpg,,,,,,,,,,
11,1,2,,,n'guti,,,,1,,,,,.mp3,,,.mp4,,,heckewelder_11.jpg,,,,,,,,,,
11,2,1,,,nischwe,,,,2,,,,,.mp3,,,.mp4,,,heckewelder_11.jpg,,,,,,,,,,
11,3,1,,,n’swi,,,,3,,,,,.mp3,,,.mp4,,,heckewelder_11.jpg,,,,,,,,,,
11,4,1,,,niwi,,,,4,,,,,.mp3,,,.mp4,,,heckewelder_11.jpg,,,,,,,,,,
11,5,1,,,nialanwi,,,,5,,,,,.mp3,,,.mp4,,,heckewelder_11.jpg,,,,,,,,,,
11,6,1,,,kakatswi,,,,6,,,,,.mp3,,,.mp4,,,heckewelder_11.jpg,,,,,,,,,,
11,7,1,,,swachtẽtswi,,,,7,,,,,.mp3,,,.mp4,,,heckewelder_11.jpg,,,,,,,,,,
11,8,1,,,pallani,,,,8,,,,,.mp3,,,.mp4,,,heckewelder_11.jpg,,,,,,,,,,
11,9,9,,,n’guttimepechgi,,,,9,,,,,.mp3,,,.mp4,,,heckewelder_11.jpg,,,,,,,,,,
11,10,1,,,mattãtswi,,,,10,,,,,.mp3,,,.mp4,,,heckewelder_11.jpg,,,,,,,,,,
11,11,1,,,n’guttasi,,,,11,,,,,.mp3,,,.mp4,,,heckewelder_11.jpg,,,,,,,,,,
11,12,1,,,nischwasi,,,,12,,,,,.mp3,,,.mp4,,,heckewelder_11.jpg,,,,,,,,,,
11,13,1,,,n’swasi,,,,13,,,,,.mp3,,,.mp4,,,heckewelder_11.jpg,,,,,,,,,,
11,14,1,,,niwasi,,,,14,,,,,.mp3,,,.mp4,,,heckewelder_11.jpg,,,,,,,,,,
11,15,1,,,nialãnwasi,,,,15,,,,,.mp3,,,.mp4,,,heckewelder_11.jpg,,,,,,,,,,
11,16,1,,,kakatswasi,,,,16,,,,,.mp3,,,.mp4,,,heckewelder_11.jpg,,,,,,,,,,
11,17,1,,,swachtetswasi,,,,17,,,,,.mp3,,,.mp4,,,heckewelder_11.jpg,,,,,,,,,,
11,18,1,,,palanasi,,,,18,,,,,.mp3,,,.mp4,,,heckewelder_11.jpg,,,,,,,,,,
11,19,1,,,n’guttimenechgiasi,,,,19,,,,,.mp3,,,.mp4,,,heckewelder_11.jpg,,,,,,,,,,
11,20,1,,,nischumatteni,,,,20,,,,,.mp3,,,.mp4,,,heckewelder_11.jpg,,,,,,,,,,
11,21,1,,,"nischumatteni ngutasi",,,,21,,,,,.mp3,,,.mp4,,,heckewelder_11.jpg,,,,,,,,,,
11,22,1,,,n’sumatteni,,,,30,,,,,.mp3,,,.mp4,,,heckewelder_11.jpg,,,,,,,,,,
11,23,1,,,niumatteni,,,,40,,,,,.mp3,,,.mp4,,,heckewelder_11.jpg,,,,,,,,,,
11,24,1,,,nialanamatteni,,,,50,,,,,.mp3,,,.mp4,,,heckewelder_11.jpg,,,,,,,,,,
12,1,1,,,gakatswimatteni,,,,60,,,,,.mp3,,,.mp4,,,heckewelder_12.jpg,,,,,,,,,,
12,2,1,,,"swachtẽtswi matteni",,,,70,,,,,.mp3,,,.mp4,,,heckewelder_12.jpg,,,,,,,,,,
12,3,1,,,pallenamatteni,,,,80,,,,,.mp3,,,.mp4,,,heckewelder_12.jpg,,,,,,,,,,
12,4,1,,,"n’guttimenechgi matteni",,,,90,,,,,.mp3,,,.mp4,,,heckewelder_12.jpg,,,,,,,,,,
12,5,1,,,n’guttawachque,,,,100,,,,,.mp3,,,.mp4,,,heckewelder_12.jpg,,,,,,,,,,
12,6,1,,,mattãtswachque,,,,1000,,,,,.mp3,,,.mp4,,,heckewelder_12.jpg,,,,,,,,,,
